{"cameraMode":{"drawMode":0,"name":"Shaded","section":"Shading Mode"},"sceneLighting":false,"audioPlay":false,"sceneViewState":{"m_AlwaysRefresh":false,"showFog":true,"showSkybox":false,"showFlares":true,"showImageEffects":true,"showParticleSystems":true,"showVisualEffectGraphs":true,"m_FxEnabled":true},"in2DMode":false,"pivot":{"x":-0.21917104721069337,"y":0.1179962158203125,"z":3.569737672805786},"rotation":{"x":0.049817170947790149,"y":-0.7248801589012146,"z":0.05273797735571861,"w":0.6850754618644714},"size":7.879027843475342,"orthographic":false}